{
    "ACCESS-CM2 r1i1p1f1": {
        "ECS": 5.358336369174328,
        "EffCS": 4.722561151604794,
        "TCR": 2.094977473342027,
        "TCR140": 5.720616402398221
    },
    "ACCESS-ESM1-5 r1i1p1f1": {
        "ECS": 4.826602031532384,
        "EffCS": 3.86579865888485,
        "TCR": 1.9543667813662353,
        "TCR140": 4.48927032550967
    },
    "AWI-CM-1-1-MR r1i1p1f1": {
        "ECS": 3.238077349114771,
        "EffCS": 3.1311000995047635,
        "TCR": 2.0792499667152784,
        "TCR140": 4.6970800254987894
    },
    "BCC-CSM2-MR r1i1p1f1": {
        "ECS": 3.284845710735453,
        "EffCS": 3.024693844966666,
        "TCR": 1.7397299898400604,
        "TCR140": 4.166381368367473
    },
    "BCC-ESM1 r1i1p1f1": {
        "ECS": 3.4666549248177363,
        "EffCS": 3.2458139630546685,
        "TCR": 1.7774961466396035,
        "TCR140": 4.337087769115451
    },
    "CAMS-CSM1-0 r1i1p1f1": {
        "ECS": 2.349845083857913,
        "EffCS": 2.315502442357627,
        "TCR": 1.7891329246497663,
        "TCR140": 3.8892588079077397
    },
    "CAS-ESM2-0 r1i1p1f1": {
        "ECS": 3.7246640391212678,
        "EffCS": 3.4806984754725168,
        "TCR": 2.125202019703397,
        "TCR140": 4.983872373265416
    },
    "CESM2 r1i1p1f1": {
        "ECS": 6.291704055548796,
        "EffCS": 5.213281671167995,
        "TCR": 2.2618949544421554,
        "TCR140": 5.499488901309232
    },
    "CESM2-FV2 r1i1p1f1": {
        "ECS": 6.84978656178793,
        "EffCS": 5.232386911985919,
        "TCR": 2.086169747735505,
        "TCR140": 5.03128270813894
    },
    "CESM2-WACCM r1i1p1f1": {
        "ECS": 5.627457008498071,
        "EffCS": 4.7379339830948854,
        "TCR": 1.9847265283643707,
        "TCR140": 5.058624665825514
    },
    "CESM2-WACCM-FV2 r1i1p1f1": {
        "ECS": 6.115673729614319,
        "EffCS": 4.827010284007051,
        "TCR": 2.0522017150109235,
        "TCR140": 4.967136993824829
    },
    "CIESM r1i1p1f1": {
        "ECS": 6.358285233796638,
        "EffCS": 5.644279312833804,
        "TCR": 2.3667360620048923,
        "TCR140": 6.215040034367587
    },
    "CMCC-CM2-SR5 r1i1p1f1": {
        "ECS": 3.5963844724158642,
        "EffCS": 3.565372683662903,
        "TCR": 2.066402169337567,
        "TCR140": 5.26507201113281
    },
    "CMCC-ESM2 r1i1p1f1": {
        "ECS": 3.5778871367490193,
        "EffCS": 3.562575799855533,
        "TCR": 1.9199289632737446,
        "TCR140": 5.210948241514001
    },
    "CNRM-CM6-1 r1i1p1f2": {
        "ECS": 4.855285487217808,
        "EffCS": 4.930762310697038,
        "TCR": 2.1403222089581533,
        "TCR140": 5.8433822407940195
    },
    "CNRM-CM6-1-HR r1i1p1f2": {
        "ECS": 4.283095657694225,
        "EffCS": 4.423484222747439,
        "TCR": 2.4428627379557923,
        "TCR140": 5.809588486058615
    },
    "CNRM-ESM2-1 r1i1p1f2": {
        "ECS": 4.5608837902650325,
        "EffCS": 4.718815956190964,
        "TCR": 1.8327509127013741,
        "TCR140": 5.309702519221398
    },
    "CanESM5 r1i1p1f1": {
        "ECS": 5.771605172971051,
        "EffCS": 5.608777663102264,
        "TCR": 2.739554558933648,
        "TCR140": 6.623363871276689
    },
    "E3SM-1-0 r1i1p1f1": {
        "ECS": 5.868372609101562,
        "EffCS": 5.320625991095661,
        "TCR": 3.0384267338078272,
        "TCR140": 7.355357350506031
    },
    "EC-Earth3-AerChem r1i1p1f1": {
        "ECS": 3.9331367864618088,
        "EffCS": 3.884616978902912,
        "TCR": 2.198797245913255,
        "TCR140": 5.491178965320901
    },
    "EC-Earth3-CC r1i1p1f1": {
        "ECS": 4.306642072157292,
        "EffCS": 4.197857361550332,
        "TCR": 2.549934310771067,
        "TCR140": 5.687428943251504
    },
    "EC-Earth3-Veg r1i1p1f1": {
        "ECS": 4.382537499176758,
        "EffCS": 4.317625645677709,
        "TCR": 2.6278945718352076,
        "TCR140": 6.03905034566373
    },
    "FGOALS-f3-L r1i1p1f1": {
        "ECS": 3.1735389341670706,
        "EffCS": 3.0026917077866284,
        "TCR": 1.9150045651555843,
        "TCR140": 4.504809798741351
    },
    "FGOALS-g3 r1i1p1f1": {
        "ECS": 3.1303563570223236,
        "EffCS": 2.872566849707878,
        "TCR": 1.466120407718907,
        "TCR140": 3.640109194905577
    },
    "FIO-ESM-2-0 r1i1p1f1": {
        "ECS": 4.682851931646576,
        "EffCS": 4.2426167877342875,
        "TCR": 2.2102710723100527,
        "TCR140": 5.63831153487024
    },
    "GFDL-CM4 r1i1p1f1": {
        "ECS": 4.407976147423857,
        "EffCS": 3.9264229239669852,
        "TCR": 2.047865723610573,
        "TCR140": 5.086208994763564
    },
    "GFDL-ESM4 r1i1p1f1": {
        "ECS": 2.6844697624766916,
        "EffCS": 2.6903477951271726,
        "TCR": 1.592119725209426,
        "TCR140": 3.823508079976807
    },
    "GISS-E2-1-G r1i1p1f1": {
        "ECS": 2.8613117484288253,
        "EffCS": 2.7184597579989362,
        "TCR": 1.7330966677526134,
        "TCR140": 2.0307316618636717
    },
    "GISS-E2-1-H r1i1p1f1": {
        "ECS": 3.091704914500756,
        "EffCS": 3.081704702549151,
        "TCR": 1.9233911057178887,
        "TCR140": 4.314562590585152
    },
    "INM-CM4-8 r1i1p1f1": {
        "ECS": 1.9151297309070636,
        "EffCS": 1.8348583549361435,
        "TCR": 1.3049405318805185,
        "TCR140": 3.1374205210654593
    },
    "INM-CM5-0 r1i1p1f1": {
        "ECS": 2.050770567643883,
        "EffCS": 1.9051419983660796,
        "TCR": 1.347499967551201,
        "TCR140": 2.989085106310901
    },
    "IPSL-CM6A-LR r1i1p1f1": {
        "ECS": 4.787548364843549,
        "EffCS": 4.513813256054456,
        "TCR": 2.3022057657693296,
        "TCR140": 5.854766273310477
    },
    "KACE-1-0-G r1i1p1f1": {
        "ECS": 5.817233115498234,
        "EffCS": 5.089399381101638,
        "TCR": 2.4149932033335717,
        "TCR140": 5.460323626101456
    },
    "MIROC-ES2L r1i1p1f2": {
        "ECS": 2.4889360320781466,
        "EffCS": 2.661499271995429,
        "TCR": 1.5623807582093234,
        "TCR140": 3.711854547663944
    },
    "MIROC6 r1i1p1f1": {
        "ECS": 2.4954592268304965,
        "EffCS": 2.572349145142797,
        "TCR": 1.5585319606120662,
        "TCR140": 3.6647507975945843
    },
    "MPI-ESM-1-2-HAM r1i1p1f1": {
        "ECS": 3.2117658943476726,
        "EffCS": 2.9774159377510983,
        "TCR": 1.7872734417102407,
        "TCR140": 4.1761009661725605
    },
    "MPI-ESM1-2-HR r1i1p1f1": {
        "ECS": 3.293442532220948,
        "EffCS": 2.957955559057035,
        "TCR": 1.6475687988310626,
        "TCR140": 4.145614133278815
    },
    "MPI-ESM1-2-LR r1i1p1f1": {
        "ECS": 3.1437897393863947,
        "EffCS": 3.017436423740857,
        "TCR": 1.8375526138844065,
        "TCR140": 4.3701184020797
    },
    "MRI-ESM2-0 r1i1p1f1": {
        "ECS": 3.5101527254238887,
        "EffCS": 3.1584167612427123,
        "TCR": 1.6179582994641977,
        "TCR140": 3.835905706049792
    },
    "NESM3 r1i1p1f1": {
        "ECS": 4.611441271582331,
        "EffCS": 4.681601117373192,
        "TCR": 2.732182109325359,
        "TCR140": 6.249001542981313
    },
    "NorESM2-LM r1i1p1f1": {
        "ECS": 2.985606718721463,
        "EffCS": 2.5706562572459877,
        "TCR": 1.4681925293866045,
        "TCR140": 3.482206639241551
    },
    "NorESM2-MM r1i1p1f1": {
        "ECS": 2.607121719912981,
        "EffCS": 2.4447364835693572,
        "TCR": 1.3359608331812864,
        "TCR140": 3.573200198693371
    },
    "SAM0-UNICON r1i1p1f1": {
        "ECS": 4.206328728836924,
        "EffCS": 3.6826818549464435,
        "TCR": 2.1882074644956617,
        "TCR140": 4.667358917110846
    },
    "TaiESM1 r1i1p1f1": {
        "ECS": 4.699863856211222,
        "EffCS": 4.367298155592925,
        "TCR": 2.3763739071220042,
        "TCR140": 5.945959924753604
    },
    "UKESM1-0-LL r1i1p1f2": {
        "ECS": 5.491064447653505,
        "EffCS": 5.367206990419666,
        "TCR": 2.8005607754706348,
        "TCR140": 6.5814393253930685
    }
}