{
    "ACCESS-CM2 r1i1p1f1": {
        "ECS": 5.326985408145958,
        "EffCS": 4.703438745350862,
        "TCR": 2.0820102747475433,
        "TCR140": 5.69458823295696
    },
    "ACCESS-ESM1-5 r1i1p1f1": {
        "ECS": 4.855976781006696,
        "EffCS": 3.875876052189682,
        "TCR": 1.9568626217863596,
        "TCR140": 4.4942796737425
    },
    "AWI-CM-1-1-MR r1i1p1f1": {
        "ECS": 3.2880114721917955,
        "EffCS": 3.159323692059593,
        "TCR": 2.0878736343406956,
        "TCR140": 4.714388786139184
    },
    "BCC-CSM2-MR r1i1p1f1": {
        "ECS": 3.3274348332860284,
        "EffCS": 3.0454605061798823,
        "TCR": 1.7448847327362103,
        "TCR140": 4.176732402247507
    },
    "BCC-ESM1 r1i1p1f1": {
        "ECS": 3.471111508341474,
        "EffCS": 3.24854637152831,
        "TCR": 1.7798115362500995,
        "TCR140": 4.341736317571565
    },
    "CAMS-CSM1-0 r1i1p1f1": {
        "ECS": 2.338283770296642,
        "EffCS": 2.307927486320171,
        "TCR": 1.7767781008052537,
        "TCR140": 3.8644596593848064
    },
    "CAS-ESM2-0 r1i1p1f1": {
        "ECS": 3.767929185308298,
        "EffCS": 3.496947752543806,
        "TCR": 2.1160005293229545,
        "TCR140": 4.965401605321776
    },
    "CESM2 r1i1p1f1": {
        "ECS": 6.18236713840254,
        "EffCS": 5.151697809897323,
        "TCR": 2.2293353169151287,
        "TCR140": 5.4341372477420435
    },
    "CESM2-FV2 r1i1p1f1": {
        "ECS": 6.774890734390133,
        "EffCS": 5.209817403294003,
        "TCR": 2.0867117675857,
        "TCR140": 5.032373252904319
    },
    "CESM2-WACCM r1i1p1f1": {
        "ECS": 5.596596729113683,
        "EffCS": 4.723215416281797,
        "TCR": 1.980069979356469,
        "TCR140": 5.049278911557286
    },
    "CESM2-WACCM-FV2 r1i1p1f1": {
        "ECS": 6.019709012990048,
        "EffCS": 4.785996946990232,
        "TCR": 2.0394973034988597,
        "TCR140": 4.941638357720822
    },
    "CIESM r1i1p1f1": {
        "ECS": 6.336582201083356,
        "EffCS": 5.6279297562634,
        "TCR": 2.3526903708199,
        "TCR140": 6.186847333501765
    },
    "CMCC-CM2-SR5 r1i1p1f1": {
        "ECS": 3.5179251799409976,
        "EffCS": 3.511179318146512,
        "TCR": 2.0447477076344827,
        "TCR140": 5.221605316804587
    },
    "CMCC-ESM2 r1i1p1f1": {
        "ECS": 3.5527413349807575,
        "EffCS": 3.543397942399322,
        "TCR": 1.9198030340578867,
        "TCR140": 5.210695132019353
    },
    "CNRM-CM6-1 r1i1p1f2": {
        "ECS": 4.828343334560675,
        "EffCS": 4.913019224375301,
        "TCR": 2.1442362120308758,
        "TCR140": 5.851237243908031
    },
    "CNRM-CM6-1-HR r1i1p1f2": {
        "ECS": 4.095038471112661,
        "EffCS": 4.302265937501293,
        "TCR": 2.3842005809561244,
        "TCR140": 5.691840613804163
    },
    "CNRM-ESM2-1 r1i1p1f2": {
        "ECS": 4.561792194051101,
        "EffCS": 4.718161993748064,
        "TCR": 1.8389170530081658,
        "TCR140": 5.322078362474807
    },
    "CanESM5 r1i1p1f1": {
        "ECS": 5.757703067392805,
        "EffCS": 5.600602343243574,
        "TCR": 2.736267956836835,
        "TCR140": 6.616767489934463
    },
    "E3SM-1-0 r1i1p1f1": {
        "ECS": 5.840568941774628,
        "EffCS": 5.303951565182772,
        "TCR": 3.0210418326469837,
        "TCR140": 7.320463805849679
    },
    "EC-Earth3-AerChem r1i1p1f1": {
        "ECS": 4.0171569336267074,
        "EffCS": 3.9439113152488097,
        "TCR": 2.229476565156321,
        "TCR140": 5.5527572805293826
    },
    "EC-Earth3-CC r1i1p1f1": {
        "ECS": 4.264131432036012,
        "EffCS": 4.168048797755651,
        "TCR": 2.5394616482376877,
        "TCR140": 5.666407530672916
    },
    "EC-Earth3-Veg r1i1p1f1": {
        "ECS": 4.465841378354123,
        "EffCS": 4.376828761034432,
        "TCR": 2.6516078409747736,
        "TCR140": 6.086648228527395
    },
    "FGOALS-f3-L r1i1p1f1": {
        "ECS": 3.139675975444256,
        "EffCS": 2.980935542119454,
        "TCR": 1.8909470694045125,
        "TCR140": 4.456519710219942
    },
    "FGOALS-g3 r1i1p1f1": {
        "ECS": 3.147345920699572,
        "EffCS": 2.8799011341127514,
        "TCR": 1.4680148429800197,
        "TCR140": 3.643909730860733
    },
    "FIO-ESM-2-0 r1i1p1f1": {
        "ECS": 4.663801686065735,
        "EffCS": 4.229571742801684,
        "TCR": 2.198802720220203,
        "TCR140": 5.615291525436598
    },
    "GFDL-CM4 r1i1p1f1": {
        "ECS": 4.349923208297855,
        "EffCS": 3.8968120481099806,
        "TCR": 2.0381861505227787,
        "TCR140": 5.0667804293142495
    },
    "GFDL-ESM4 r1i1p1f1": {
        "ECS": 2.771421828932412,
        "EffCS": 2.7362482447339866,
        "TCR": 1.6190510568727945,
        "TCR140": 3.877565412351646
    },
    "GISS-E2-1-G r1i1p1f1": {
        "ECS": 2.8625352162617705,
        "EffCS": 2.7193978851766096,
        "TCR": 1.734872250058359
    },
    "GISS-E2-1-H r1i1p1f1": {
        "ECS": 3.0962873883752757,
        "EffCS": 3.0846050777616685,
        "TCR": 1.9263360991722407,
        "TCR140": 4.320474952630866
    },
    "HadGEM3-GC31-LL r1i1p1f3": {
        "ECS": 5.822677180664233,
        "EffCS": 5.544299910588812,
        "TCR": 2.5348545026578138,
        "TCR140": 6.6373424732493165
    },
    "HadGEM3-GC31-MM r1i1p1f3": {
        "ECS": 5.356607850553767,
        "EffCS": 5.389889626780891,
        "TCR": 2.52472818578905,
        "TCR140": 6.362385357770256
    },
    "INM-CM4-8 r1i1p1f1": {
        "ECS": 1.87583268902164,
        "EffCS": 1.8160753318499103,
        "TCR": 1.3059637714378425,
        "TCR140": 3.1394755319058363
    },
    "INM-CM5-0 r1i1p1f1": {
        "ECS": 2.095827116565614,
        "EffCS": 1.931322941757983,
        "TCR": 1.3714596010616844,
        "TCR140": 3.037177763507833
    },
    "IPSL-CM6A-LR r1i1p1f1": {
        "ECS": 4.790406645957371,
        "EffCS": 4.517800338279297,
        "TCR": 2.3122385522690365,
        "TCR140": 5.874903879670771
    },
    "KACE-1-0-G r1i1p1f1": {
        "ECS": 5.20403644677296,
        "EffCS": 4.717431082791985,
        "TCR": 2.213597223200517,
        "TCR140": 5.056083351590766
    },
    "MIROC-ES2L r1i1p1f2": {
        "ECS": 2.4971184394882364,
        "EffCS": 2.6671756308750387,
        "TCR": 1.5692574558351595,
        "TCR140": 3.7256605929526243
    },
    "MIROC6 r1i1p1f1": {
        "ECS": 2.5159091554842945,
        "EffCS": 2.5889571370556728,
        "TCR": 1.5657055071776569,
        "TCR140": 3.679150101350993
    },
    "MPI-ESM-1-2-HAM r1i1p1f1": {
        "ECS": 3.259862296227125,
        "EffCS": 2.998246398174761,
        "TCR": 1.7936539554631765,
        "TCR140": 4.188906044513024
    },
    "MPI-ESM1-2-HR r1i1p1f1": {
        "ECS": 3.3050712148459316,
        "EffCS": 2.963202885998032,
        "TCR": 1.6496440985462641,
        "TCR140": 4.14977746287249
    },
    "MPI-ESM1-2-LR r1i1p1f1": {
        "ECS": 3.175868095513494,
        "EffCS": 3.0337285878701272,
        "TCR": 1.8394867853802281,
        "TCR140": 4.374001487639598
    },
    "MRI-ESM2-0 r1i1p1f1": {
        "ECS": 3.481389546035773,
        "EffCS": 3.1408054155859406,
        "TCR": 1.6080658692630152,
        "TCR140": 3.816051262431796
    },
    "NESM3 r1i1p1f1": {
        "ECS": 4.60923222327944,
        "EffCS": 4.681017654911352,
        "TCR": 2.721548577890286,
        "TCR140": 6.227658921932772
    },
    "NorESM2-LM r1i1p1f1": {
        "ECS": 2.9692806208802547,
        "EffCS": 2.561630433078648,
        "TCR": 1.4640572554754954,
        "TCR140": 3.4739091550420143
    },
    "NorESM2-MM r1i1p1f1": {
        "ECS": 2.634666165204212,
        "EffCS": 2.461573372667547,
        "TCR": 1.3432075809113173,
        "TCR140": 3.587747166884495
    },
    "SAM0-UNICON r1i1p1f1": {
        "ECS": 4.175595593754179,
        "EffCS": 3.6784435633658785,
        "TCR": 2.2016011008382863,
        "TCR140": 4.694241248035229
    },