{
    "ACCESS-CM2 r1i1p1f1": {
        "ECS": 5.3001112858248725,
        "EffCS": 4.6875525474932065,
        "TCR": 2.0718605216406134,
        "TCR140": 5.674216438368143
    },
    "ACCESS-ESM1-5 r1i1p1f1": {
        "ECS": 4.849814965972409,
        "EffCS": 3.8795865343182254,
        "TCR": 1.9638916159401503,
        "TCR140": 4.508388834066741
    },
    "AWI-CM-1-1-MR r1i1p1f1": {
        "ECS": 3.259822684541321,
        "EffCS": 3.145519124541506,
        "TCR": 2.0965095501549085,
        "TCR140": 4.731723233122892
    },
    "BCC-CSM2-MR r1i1p1f1": {
        "ECS": 3.343920599695653,
        "EffCS": 3.0563002769205445,
        "TCR": 1.7540223058244124,
        "TCR140": 4.195070289609023
    },
    "BCC-ESM1 r1i1p1f1": {
        "ECS": 3.514009487861182,
        "EffCS": 3.2704570829967294,
        "TCR": 1.7890019624351994,
        "TCR140": 4.360180248560743
    },
    "CAMS-CSM1-0 r1i1p1f1": {
        "ECS": 2.3183145140728096,
        "EffCS": 2.295164679870075,
        "TCR": 1.7536648247757796,
        "TCR140": 3.818065216088229
    },
    "CAS-ESM2-0 r1i1p1f1": {
        "ECS": 3.8225009908840364,
        "EffCS": 3.516771970885488,
        "TCR": 2.106634603821445,
        "TCR140": 4.946603671391008
    },
    "CESM2 r1i1p1f1": {
        "ECS": 6.080439863876565,
        "EffCS": 5.094447615320647,
        "TCR": 2.199081948817252,
        "TCR140": 5.373411849480843
    },
    "CESM2-FV2 r1i1p1f1": {
        "ECS": 6.800249666904078,
        "EffCS": 5.219116116301113,
        "TCR": 2.0881776619769057,
        "TCR140": 5.035316547342987
    },
    "CESM2-WACCM r1i1p1f1": {
        "ECS": 5.535214758266426,
        "EffCS": 4.694331731445417,
        "TCR": 1.9716059138106032,
        "TCR140": 5.032287580165371
    },
    "CESM2-WACCM-FV2 r1i1p1f1": {
        "ECS": 5.984207182015817,
        "EffCS": 4.749807411760638,
        "TCR": 2.0103513713591497,
        "TCR140": 4.883136348347685
    },
    "CIESM r1i1p1f1": {
        "ECS": 6.345233362338302,
        "EffCS": 5.621990007631769,
        "TCR": 2.332246088944288,
        "TCR140": 6.145809440502211
    },
    "CMCC-CM2-SR5 r1i1p1f1": {
        "ECS": 3.474868638143368,
        "EffCS": 3.480935382162422,
        "TCR": 2.0300204748344326,
        "TCR140": 5.192046844246778
    },
    "CMCC-ESM2 r1i1p1f1": {
        "ECS": 3.55999191508738,
        "EffCS": 3.5482110895099552,
        "TCR": 1.9278788636778104,
        "TCR140": 5.226902771359147
    },
    "CNRM-CM6-1 r1i1p1f2": {
        "ECS": 4.771459329832646,
        "EffCS": 4.877255980916978,
        "TCR": 2.131491943146932,
        "TCR140": 5.825656477187778
    },
    "CNRM-CM6-1-HR r1i1p1f2": {
        "ECS": 4.087014980817907,
        "EffCS": 4.306011788090981,
        "TCR": 2.3530344319089975,
        "TCR140": 5.629281114336439
    },
    "CNRM-ESM2-1 r1i1p1f2": {
        "ECS": 4.580547646669868,
        "EffCS": 4.728143060019783,
        "TCR": 1.8507358560277538,
        "TCR140": 5.345801887257534
    },
    "CanESM5 r1i1p1f1": {
        "ECS": 5.733835426834397,
        "EffCS": 5.5865682436681166,
        "TCR": 2.7310010772572553,
        "TCR140": 6.606196259772361
    },
    "E3SM-1-0 r1i1p1f1": {
        "ECS": 5.768899698613242,
        "EffCS": 5.267054944827532,
        "TCR": 2.994377475970387,
        "TCR140": 7.266942682778551
    },
    "EC-Earth3-AerChem r1i1p1f1": {
        "ECS": 4.029417625132273,
        "EffCS": 3.953966771061888,
        "TCR": 2.253943232556696,
        "TCR140": 5.601866347618994
    },
    "EC-Earth3-CC r1i1p1f1": {
        "ECS": 4.252122982176879,
        "EffCS": 4.1586062055593755,
        "TCR": 2.523456481487943,
        "TCR140": 5.6342815461703655
    },
    "EC-Earth3-Veg r1i1p1f1": {
        "ECS": 4.469473758103505,
        "EffCS": 4.38061024258616,
        "TCR": 2.670702178967571,
        "TCR140": 6.124973686474979
    },
    "FGOALS-f3-L r1i1p1f1": {
        "ECS": 3.131823342302035,
        "EffCS": 2.9717556492716,
        "TCR": 1.863693784336388,
        "TCR140": 4.401819478015372
    },
    "FGOALS-g3 r1i1p1f1": {
        "ECS": 3.102045086852138,
        "EffCS": 2.8614230446277844,
        "TCR": 1.4661946164317867,
        "TCR140": 3.640258277116473
    },
    "FIO-ESM-2-0 r1i1p1f1": {
        "ECS": 4.643403041430093,
        "EffCS": 4.213452701402584,
        "TCR": 2.180908300840966,
        "TCR140": 5.579374599497771
    },
    "GFDL-CM4 r1i1p1f1": {
        "ECS": 4.241251460834239,
        "EffCS": 3.840098298461784,
        "TCR": 2.0188795455269712,
        "TCR140": 5.028024744402112
    },
    "GFDL-ESM4 r1i1p1f1": {
        "ECS": 2.8226286492553982,
        "EffCS": 2.762558560647553,
        "TCR": 1.644067126508972,
        "TCR140": 3.9277761563069022
    },
    "GISS-E2-1-G r1i1p1f1": {
        "ECS": 2.8705766320303736,
        "EffCS": 2.7235349780740554,
        "TCR": 1.7350564262971546
    },
    "GISS-E2-1-H r1i1p1f1": {
        "ECS": 3.1139685214783466,
        "EffCS": 3.095786869529667,
        "TCR": 1.9388190151617124,
        "TCR140": 4.345529603603234
    },
    "HadGEM3-GC31-LL r1i1p1f3": {
        "ECS": 5.877446198400669,
        "EffCS": 5.568882001960412,
        "TCR": 2.517391332547015,
        "TCR140": 6.602292428831399
    },
    "HadGEM3-GC31-MM r1i1p1f3": {
        "ECS": 5.4411884486029765,
        "EffCS": 5.449977732130757,
        "TCR": 2.5144575252762764,
        "TCR140": 6.341772962027472
    },
    "INM-CM4-8 r1i1p1f1": {
        "ECS": 1.8385770546685427,
        "EffCS": 1.7964511005470545,
        "TCR": 1.3078357860066376,
        "TCR140": 3.1432346775202857
    },
    "INM-CM5-0 r1i1p1f1": {
        "ECS": 2.068067918227111,
        "EffCS": 1.9278327559774266,
        "TCR": 1.3885806378576688,
        "TCR140": 3.0715431978389773
    },
    "IPSL-CM6A-LR r1i1p1f1": {
        "ECS": 4.780004062464207,
        "EffCS": 4.519381593548867,
        "TCR": 2.337232446805595,
        "TCR140": 5.9250705701740625
    },
    "KACE-1-0-G r1i1p1f1": {
        "ECS": 5.27610603890451,
        "EffCS": 4.73624802040938,
        "TCR": 2.1841982365856154,
        "TCR140": 4.997070775046677
    },
    "MIROC-ES2L r1i1p1f2": {
        "ECS": 2.52152203237049,
        "EffCS": 2.689310047762318,
        "TCR": 1.5786759215747879,
        "TCR140": 3.7445662313581636
    },
    "MIROC6 r1i1p1f1": {
        "ECS": 2.532863897385773,
        "EffCS": 2.5998391873009883,
        "TCR": 1.5798847507980298,
        "TCR140": 3.7076084174805404
    },
    "MPI-ESM-1-2-HAM r1i1p1f1": {
        "ECS": 3.2728598900715085,
        "EffCS": 3.0061235280267544,
        "TCR": 1.8015439879132629,
        "TCR140": 4.204742864990186
    },
    "MPI-ESM1-2-HR r1i1p1f1": {
        "ECS": 3.2798767700730966,
        "EffCS": 2.954548595002889,
        "TCR": 1.6512888456071608,
        "TCR140": 4.153079161600263
    },
    "MPI-ESM1-2-LR r1i1p1f1": {
        "ECS": 3.169456117870382,
        "EffCS": 3.030406758146461,
        "TCR": 1.8386148883775433,
        "TCR140": 4.372249124474203
    },
    "MRI-ESM2-0 r1i1p1f1": {
        "ECS": 3.47339976701299,
        "EffCS": 3.127878612413177,
        "TCR": 1.5861273305424277,
        "TCR140": 3.772012785951597
    },
    "NESM3 r1i1p1f1": {
        "ECS": 4.582876996119373,
        "EffCS": 4.665175032032312,
        "TCR": 2.7081754302311793,
        "TCR140": 6.200816006811587
    },
    "NorESM2-LM r1i1p1f1": {
        "ECS": 2.9629989068018165,
        "EffCS": 2.5498356110257014,
        "TCR": 1.4461856380149185,
        "TCR140": 3.438038812745853
    },
    "NorESM2-MM r1i1p1f1": {
        "ECS": 2.670332039658857,
        "EffCS": 2.4845598003348286,
        "TCR": 1.3584778140302205,
        "TCR140": 3.618398903783492
    },
    "SAM0-UNICON r1i1p1f1": {
        "ECS": 4.156675178474246,
        "EffCS": 3.6801657865165587,
        "TCR": 2.2192417107752336,
        "TCR140": 4.729649829138853
    },