{
    "ACCESS-CM2 r1i1p1f1": {
        "ECS20150": 5.37223702435701,
        "EffCS": 4.722561151604794,
        "TCR": 2.094977473342027,
        "TCR140": 5.720616402398221
    },
    "ACCESS-ESM1-5 r1i1p1f1": {
        "ECS20150": 4.80375602789284,
        "EffCS": 3.86579865888485,
        "TCR": 1.9543667813662353,
        "TCR140": 4.48927032550967
    },
    "AWI-CM-1-1-MR r1i1p1f1": {
        "ECS20150": 3.2303495932966144,
        "EffCS": 3.1311000995047635,
        "TCR": 2.0792499667152784,
        "TCR140": 4.6970800254987894
    },
    "BCC-CSM2-MR r1i1p1f1": {
        "ECS20150": 3.226680836532941,
        "EffCS": 3.024693844966666,
        "TCR": 1.7397299898400604,
        "TCR140": 4.166381368367473
    },
    "BCC-ESM1 r1i1p1f1": {
        "ECS20150": 3.4606974777048998,
        "EffCS": 3.2458139630546685,
        "TCR": 1.7774961466396035,
        "TCR140": 4.337087769115451
    },
    "CAMS-CSM1-0 r1i1p1f1": {
        "ECS20150": 2.3524368602781247,
        "EffCS": 2.315502442357627,
        "TCR": 1.7891329246497663,
        "TCR140": 3.8892588079077397
    },
    "CAS-ESM2-0 r1i1p1f1": {
        "ECS20150": 3.721950757465452,
        "EffCS": 3.4806984754725168,
        "TCR": 2.125202019703397,
        "TCR140": 4.983872373265416
    },
    "CESM2 r1i1p1f1": {
        "ECS20150": 6.255288822936088,
        "EffCS": 5.213281671167995,
        "TCR": 2.2618949544421554,
        "TCR140": 5.499488901309232
    },
    "CESM2-FV2 r1i1p1f1": {
        "ECS20150": 6.761506016653077,
        "EffCS": 5.232386911985919,
        "TCR": 2.086169747735505,
        "TCR140": 5.03128270813894
    },
    "CESM2-WACCM r1i1p1f1": {
        "ECS20150": 5.616791681787867,
        "EffCS": 4.7379339830948854,
        "TCR": 1.9847265283643707,
        "TCR140": 5.058624665825514
    },
    "CESM2-WACCM-FV2 r1i1p1f1": {
        "ECS20150": 6.090612679257044,
        "EffCS": 4.827010284007051,
        "TCR": 2.0522017150109235,
        "TCR140": 4.967136993824829
    },
    "CIESM r1i1p1f1": {
        "ECS20150": 6.272678326422144,
        "EffCS": 5.644279312833804,
        "TCR": 2.3667360620048923,
        "TCR140": 6.215040034367587
    },
    "CMCC-CM2-SR5 r1i1p1f1": {
        "ECS20150": 3.619694966231753,
        "EffCS": 3.565372683662903,
        "TCR": 2.066402169337567,
        "TCR140": 5.26507201113281
    },
    "CMCC-ESM2 r1i1p1f1": {
        "ECS20150": 3.5983983437622133,
        "EffCS": 3.562575799855533,
        "TCR": 1.9199289632737446,
        "TCR140": 5.210948241514001
    },
    "CNRM-CM6-1 r1i1p1f2": {
        "ECS20150": 4.886781163252646,
        "EffCS": 4.930762310697038,
        "TCR": 2.1403222089581533,
        "TCR140": 5.8433822407940195
    },
    "CNRM-CM6-1-HR r1i1p1f2": {
        "ECS20150": 4.279323027754055,
        "EffCS": 4.423484222747439,
        "TCR": 2.4428627379557923,
        "TCR140": 5.809588486058615
    },
    "CNRM-ESM2-1 r1i1p1f2": {
        "ECS20150": 4.519323188842141,
        "EffCS": 4.718815956190964,
        "TCR": 1.8327509127013741,
        "TCR140": 5.309702519221398
    },
    "CanESM5 r1i1p1f1": {
        "ECS20150": 5.77176316795041,
        "EffCS": 5.608777663102264,
        "TCR": 2.739554558933648,
        "TCR140": 6.623363871276689
    },
    "E3SM-1-0 r1i1p1f1": {
        "ECS20150": 5.711055202521906,
        "EffCS": 5.320625991095661,
        "TCR": 3.0384267338078272,
        "TCR140": 7.355357350506031
    },
    "EC-Earth3-AerChem r1i1p1f1": {
        "ECS20150": 3.939427813043186,
        "EffCS": 3.884616978902912,
        "TCR": 2.198797245913255,
        "TCR140": 5.491178965320901
    },
    "EC-Earth3-CC r1i1p1f1": {
        "ECS20150": 4.3098526226550335,
        "EffCS": 4.197857361550332,
        "TCR": 2.549934310771067,
        "TCR140": 5.687428943251504
    },
    "EC-Earth3-Veg r1i1p1f1": {
        "ECS20150": 4.398336402055097,
        "EffCS": 4.317625645677709,
        "TCR": 2.6278945718352076,
        "TCR140": 6.03905034566373
    },
    "FGOALS-f3-L r1i1p1f1": {
        "ECS20150": 3.191793764476069,
        "EffCS": 3.0026917077866284,
        "TCR": 1.9150045651555843,
        "TCR140": 4.504809798741351
    },
    "FGOALS-g3 r1i1p1f1": {
        "ECS20150": 3.0989070207062426,
        "EffCS": 2.872566849707878,
        "TCR": 1.466120407718907,
        "TCR140": 3.640109194905577
    },
    "FIO-ESM-2-0 r1i1p1f1": {
        "ECS20150": 4.6513674378293235,
        "EffCS": 4.2426167877342875,
        "TCR": 2.2102710723100527,
        "TCR140": 5.63831153487024
    },
    "GFDL-CM4 r1i1p1f1": {
        "ECS20150": 4.4780147362796,
        "EffCS": 3.9264229239669852,
        "TCR": 2.047865723610573,
        "TCR140": 5.086208994763564
    },
    "GFDL-ESM4 r1i1p1f1": {
        "ECS20150": 2.7007893479312948,
        "EffCS": 2.6903477951271726,
        "TCR": 1.592119725209426,
        "TCR140": 3.823508079976807
    },
    "GISS-E2-1-G r1i1p1f1": {
        "ECS20150": 2.838881376748854,
        "EffCS": 2.7184597579989362,
        "TCR": 1.7330966677526134,
        "TCR140": 2.0307316618636717
    },
    "GISS-E2-1-H r1i1p1f1": {
        "ECS20150": 3.094275986608145,
        "EffCS": 3.081704702549151,
        "TCR": 1.9233911057178887,
        "TCR140": 4.314562590585152
    },
    "INM-CM4-8 r1i1p1f1": {
        "ECS20150": 1.902290950005436,
        "EffCS": 1.8348583549361435,
        "TCR": 1.3049405318805185,
        "TCR140": 3.1374205210654593
    },
    "INM-CM5-0 r1i1p1f1": {
        "ECS20150": 2.0323171228106065,
        "EffCS": 1.9051419983660796,
        "TCR": 1.347499967551201,
        "TCR140": 2.989085106310901
    },
    "IPSL-CM6A-LR r1i1p1f1": {
        "ECS20150": 4.768977683109941,
        "EffCS": 4.513813256054456,
        "TCR": 2.3022057657693296,
        "TCR140": 5.854766273310477
    },
    "KACE-1-0-G r1i1p1f1": {
        "ECS20150": 5.761713118061118,
        "EffCS": 5.089399381101638,
        "TCR": 2.4149932033335717,
        "TCR140": 5.460323626101456
    },
    "MIROC-ES2L r1i1p1f2": {
        "ECS20150": 2.50343329316178,
        "EffCS": 2.661499271995429,
        "TCR": 1.5623807582093234,
        "TCR140": 3.711854547663944
    },
    "MIROC6 r1i1p1f1": {
        "ECS20150": 2.524334888842316,
        "EffCS": 2.572349145142797,
        "TCR": 1.5585319606120662,
        "TCR140": 3.6647507975945843
    },
    "MPI-ESM-1-2-HAM r1i1p1f1": {
        "ECS20150": 3.176398827203058,
        "EffCS": 2.9774159377510983,
        "TCR": 1.7872734417102407,
        "TCR140": 4.1761009661725605
    },
    "MPI-ESM1-2-HR r1i1p1f1": {
        "ECS20150": 3.2826974993223312,
        "EffCS": 2.957955559057035,
        "TCR": 1.6475687988310626,
        "TCR140": 4.145614133278815
    },
    "MPI-ESM1-2-LR r1i1p1f1": {
        "ECS20150": 3.143838127930764,
        "EffCS": 3.017436423740857,
        "TCR": 1.8375526138844065,
        "TCR140": 4.3701184020797
    },
    "MRI-ESM2-0 r1i1p1f1": {
        "ECS20150": 3.44895808918395,
        "EffCS": 3.1584167612427123,
        "TCR": 1.6179582994641977,
        "TCR140": 3.835905706049792
    },
    "NESM3 r1i1p1f1": {
        "ECS20150": 4.6213157852415065,
        "EffCS": 4.681601117373192,
        "TCR": 2.732182109325359,
        "TCR140": 6.249001542981313
    },
    "NorESM2-LM r1i1p1f1": {
        "ECS20150": 2.995743489070829,
        "EffCS": 2.5706562572459877,
        "TCR": 1.4681925293866045,
        "TCR140": 3.482206639241551
    },
    "NorESM2-MM r1i1p1f1": {
        "ECS20150": 2.573035666432824,
        "EffCS": 2.4447364835693572,
        "TCR": 1.3359608331812864,
        "TCR140": 3.573200198693371
    },
    "SAM0-UNICON r1i1p1f1": {
        "ECS20150": 4.147678539113351,
        "EffCS": 3.6826818549464435,
        "TCR": 2.1882074644956617,
        "TCR140": 4.667358917110846
    },
    "TaiESM1 r1i1p1f1": {
        "ECS20150": 4.669421770508807,
        "EffCS": 4.367298155592925,
        "TCR": 2.3763739071220042,